{
    "name": "hex-fix",
    "title": "Hex Fix",
    "description": "Makes tokens snap to the center of hexes, instead of the corners of the squares containing them. Only works for even column hex maps.",
    "author": "shem",
    "version": "0.4.2.notgreat",
    "compatibleCoreVersion": "0.6.1",
    "scripts": ["hexfix.js"],
    "minimumCoreVersion": "0.6.0",
    "url": "https://github.com/itamarcu/HexFix",
    "manifest": "https://raw.githubusercontent.com/itamarcu/HexFix/master/module.json",
    "download": "https://github.com/itamarcu/HexFix/raw/master/HexFix.zip"
}