{
    "name": "hex-fix",
    "title": "Hex Fix - Centers Tokens for Hex Maps",
    "description": "This makes tokens snap to the center of hexes, instead of the corners of the squares containing them.",
    "author": "Shemetz",
    "version": "0.3.8",
    "compatibleCoreVersion": "0.6.0",
    "scripts": ["hexfix.js"],
    "minimumCoreVersion": "0.6.0",
    "url": "https://github.com/itamarcu/HexFix",
    "manifest": "https://raw.githubusercontent.com/itamarcu/HexFix/master/module.json",
    "readme": "https://raw.githubusercontent.com/itamarcu/HexFix/master/Readme.md",
    "download": "https://github.com/itamarcu/HexFix/raw/master/HexFix.zip"
}